Model,Accuracy,Precision,Recall,F1,ROC_AUC
Logistic Regression,0.7139815471965933,0.6007067137809188,0.6576402321083172,0.6278855032317636,0.7822813576081393
XGBoost,0.694819020581973,0.578096947935368,0.6228239845261122,0.5996275605214153,0.7510560234536954
Random Forest,0.7004968062455642,0.588126159554731,0.6131528046421664,0.6003787878787878,0.7451427257981976
